Santos Munoz,santos.munoz@example.com
Ryan Hunt,ryan.hunt@example.com
Shaun Norman,shaun.norman@example.com
Corey Martinez,corey.martinez@example.com
Gene Logan,gene.logan@example.com
Darrel Hamilton,darrel.hamilton@example.com
Robin Morris,robin.morris@example.com
Kenny Strickland,kenny.strickland@example.com
Sue Quinn,sue.quinn@example.com
Jeannie Jones,jeannie.jones@example.com
Juana Hardy,juana.hardy@example.com
Marcella Perez,marcella.perez@example.com
Jimmy Wagner,jimmy.wagner@example.com
Brandi Ellis,brandi.ellis@example.com
Devin Drake,devin.drake@example.com
Orlando Cain,orlando.cain@example.com
Kristy Medina,kristy.medina@example.com
Shelia Holland,shelia.holland@example.com
Howard Lewis,howard.lewis@example.com
Julio Burke,julio.burke@example.com
Ada Reid,ada.reid@example.com
Debbie Washington,debbie.washington@example.com
Gabriel Bates,gabriel.bates@example.com
Joanna Klein,joanna.klein@example.com
Mack Parker,mack.parker@example.com
Chad Moran,chad.moran@example.com
Ruby Carroll,ruby.carroll@example.com
Willie Peterson,willie.peterson@example.com
Roberta Sanders,roberta.sanders@example.com
Mabel Clark,mabel.clark@example.com
Ira Mccormick,ira.mccormick@example.com
Marian Estrada,marian.estrada@example.com
Maria Stewart,maria.stewart@example.com
Hope Cummings,hope.cummings@example.com
Rose Reese,rose.reese@example.com
Jean Vasquez,jean.vasquez@example.com
Gloria Fernandez,gloria.fernandez@example.com
Eula Wolfe,eula.wolfe@example.com
Olive Cross,olive.cross@example.com
Oscar Doyle,oscar.doyle@example.com
Jackie Cook,jackie.cook@example.com
Lorraine Bell,lorraine.bell@example.com
Armando Johnston,armando.johnston@example.com
Melody Welch,melody.welch@example.com
Ashley Flores,ashley.flores@example.com
Norman Burton,norman.burton@example.com
Ricardo Briggs,ricardo.briggs@example.com
Flora Curtis,flora.curtis@example.com
Nadine Turner,nadine.turner@example.com
Phyllis Walton,phyllis.walton@example.com
